"","year","Murder","Brazil","Colombia","France","Iraq","Syria","Government","Military","Political","Male","Local","Freelance","War"
"1",2018,1,0,0,0,0,0,0,0,1,1,1,0,1
"2",1998,0,0,0,0,0,0,1,0,0,1,1,0,0
"3",2012,0,0,0,0,0,1,0,1,0,1,1,1,1
"5",2013,0,0,0,0,0,1,0,1,0,1,1,0,1
"6",2012,1,0,0,0,0,1,0,1,0,1,1,0,1
"7",2006,1,0,0,0,1,0,0,0,1,1,1,0,1
"9",2004,0,0,0,0,1,0,0,0,1,1,1,1,0
"13",2016,0,0,0,0,0,0,0,0,1,1,1,0,1
"15",2016,1,0,0,0,0,0,0,0,1,1,1,0,1
"17",2019,0,0,0,0,0,0,0,0,1,1,1,0,1
"18",2012,1,0,0,0,0,0,0,0,1,1,1,0,0
"21",2011,1,0,0,0,0,0,1,1,0,1,1,1,0
"22",2012,1,0,0,0,0,0,0,0,1,1,1,0,0
"23",2020,1,0,0,0,0,0,0,0,1,1,1,1,1
"24",2008,0,0,0,0,0,0,0,1,0,1,1,0,1
"25",2017,0,0,0,0,0,0,1,0,0,1,1,0,0
"26",2019,0,0,0,0,0,1,0,1,0,1,1,0,1
"27",2012,1,0,0,0,0,0,0,0,1,1,1,0,1
"28",2018,1,0,0,0,0,0,0,0,1,1,1,0,1
"29",2020,0,0,0,0,0,1,0,1,0,1,1,0,1
"30",2012,1,0,0,0,0,0,0,0,1,1,1,1,1
"31",2006,0,0,0,0,0,0,0,0,1,1,1,0,1
"32",2013,0,0,0,0,0,1,1,0,0,1,1,0,1
"33",2018,0,0,0,0,0,1,0,1,0,1,1,0,1
"34",2008,1,0,0,0,0,0,0,0,0,1,1,0,0
"35",2016,0,0,0,0,0,1,0,1,0,1,1,0,1
"36",2008,1,0,0,0,0,0,0,0,0,1,1,0,0
"37",1994,0,0,0,0,0,0,0,0,0,1,1,1,0
"38",2010,0,0,0,0,0,0,0,0,1,1,1,0,1
"39",2006,1,0,0,0,1,0,0,0,1,1,1,0,1
"40",1999,1,0,0,0,0,0,0,1,0,1,1,0,1
"41",2014,1,0,0,0,0,0,0,0,1,1,1,1,0
"42",2007,0,0,0,0,0,0,0,0,1,1,1,1,0
"43",2009,0,0,0,0,0,0,0,0,1,1,1,1,1
"44",2018,0,0,0,0,0,0,0,0,1,1,1,0,1
"45",2018,1,0,0,0,0,0,0,0,1,1,1,0,0
"46",2016,0,0,0,0,0,1,0,1,0,1,1,0,1
"47",2015,0,0,0,0,0,0,0,1,0,1,1,0,1
"48",2003,0,0,0,0,0,0,0,0,0,1,1,0,0
"49",2017,1,0,0,0,0,0,0,0,1,1,1,0,0
"51",2007,1,0,0,0,1,0,0,0,1,1,1,0,0
"52",2007,0,0,0,0,0,0,0,0,1,1,1,0,0
"53",2012,1,0,0,0,0,0,0,0,1,1,1,0,0
"54",2018,0,0,0,0,0,0,0,0,1,1,1,0,0
"55",2015,1,0,0,0,0,0,0,0,1,1,1,0,1
"56",2015,0,0,0,0,0,0,0,0,0,1,1,0,0
"57",2020,0,0,0,0,0,0,0,0,1,1,1,0,1
"58",2006,1,0,0,0,1,0,0,0,1,1,1,0,1
"59",2015,1,0,0,0,1,0,0,0,1,1,1,0,1
"60",2001,0,0,0,0,0,0,0,0,1,1,1,0,0
"61",1995,0,0,0,0,0,0,0,1,0,1,1,0,1
"62",2004,0,0,0,0,0,0,0,0,1,1,1,0,1
"63",2005,1,0,0,0,1,0,0,0,1,1,1,1,1
"64",2007,1,0,0,0,1,0,0,0,1,1,1,0,0
"65",2006,1,0,0,0,1,0,0,0,1,1,1,1,1
"66",1992,1,0,0,0,0,0,0,0,0,1,1,0,0
"67",1994,1,0,0,0,0,0,1,0,0,1,1,0,0
"68",2012,0,0,0,0,0,0,0,0,0,1,1,1,0
"69",1999,0,0,0,0,0,0,0,0,0,1,1,0,1
"70",2016,0,0,0,0,0,1,0,1,0,1,1,0,1
"71",2003,0,0,0,0,1,0,0,1,0,1,1,0,1
"73",2011,0,0,0,0,0,0,0,1,0,1,1,0,1
"74",2006,1,0,0,0,1,0,0,0,1,1,1,0,1
"77",2020,0,0,0,0,1,0,0,0,0,1,1,0,1
"78",2015,0,0,0,0,0,1,0,1,0,1,1,0,1
"79",2018,0,0,0,0,0,0,0,1,0,1,1,0,1
"81",2012,1,0,0,0,0,0,0,0,1,1,1,0,0
"82",2012,0,0,0,0,0,1,0,1,0,1,1,0,1
"83",2012,0,0,0,0,0,1,0,1,0,1,1,1,1
"84",2005,1,0,0,0,1,0,0,0,0,1,1,0,1
"85",2016,0,0,0,0,0,0,0,0,1,1,1,1,1
"86",2013,0,0,0,0,0,0,0,1,0,1,1,0,0
"87",2018,0,0,0,0,0,1,0,1,0,1,1,0,1
"89",2007,1,0,0,0,1,0,0,0,1,1,1,1,1
"90",1993,0,0,0,0,0,0,0,1,0,1,1,0,1
"92",2007,0,0,0,0,0,0,0,0,1,1,1,0,0
"93",2005,1,0,0,0,1,0,0,0,1,1,1,0,0
"94",2019,1,0,0,0,0,0,1,0,0,1,1,0,0
"95",2012,0,0,0,0,0,0,0,0,0,1,1,1,0
"97",2005,1,0,0,0,1,0,0,0,1,1,1,0,1
"99",2015,1,0,0,0,0,1,0,0,1,1,1,0,1
"100",2019,0,0,0,0,1,0,0,0,0,1,1,1,1
"101",2013,1,0,0,0,0,0,0,0,1,1,1,1,0
"102",2014,1,0,0,0,0,0,0,0,1,1,1,0,0
"103",2006,1,0,0,0,1,0,0,0,1,1,1,0,1
"104",2008,1,0,0,0,1,0,0,0,1,1,1,0,0
"105",2003,1,0,0,0,1,0,0,0,1,1,1,0,1
"106",2005,0,0,0,0,1,0,0,1,0,1,1,0,1
"107",2016,0,0,0,0,1,0,0,0,1,1,1,0,1
"108",1999,1,0,0,0,0,0,0,0,1,1,1,0,0
"109",2004,1,0,0,0,0,0,0,1,0,1,1,0,0
"110",2007,1,0,0,0,0,0,0,0,1,1,1,1,1
"111",2013,1,0,0,0,0,0,1,0,0,1,1,0,0
"112",2012,1,0,0,0,0,0,0,0,1,1,1,0,0
"113",2014,1,0,0,0,0,1,0,0,1,1,1,1,1
"114",2009,0,0,0,0,1,0,0,0,1,1,1,0,0
"115",2008,0,0,0,0,1,0,0,0,1,1,1,0,1
"117",2017,0,0,0,0,0,1,0,1,0,1,1,1,1
"118",2019,0,0,0,0,0,1,0,1,0,1,1,1,1
"119",2007,1,0,0,0,1,0,0,0,1,1,1,0,1
"121",2004,1,0,0,0,0,0,1,0,0,1,1,0,0
"123",1992,1,0,0,0,0,0,0,0,1,1,1,0,1
"124",2009,1,0,0,0,0,0,1,0,0,1,1,0,0
"125",2008,1,0,0,0,0,0,0,0,0,1,1,0,0
"126",2018,0,0,0,0,0,0,0,1,1,1,0,1,1
"127",1993,0,0,0,0,0,0,0,1,0,1,1,0,0
"128",1993,0,0,0,0,0,0,0,1,0,1,1,0,0
"129",2000,0,0,0,0,0,0,0,1,0,1,1,0,1
"130",2003,1,0,0,0,0,0,0,0,0,1,1,0,0
"131",1994,0,0,0,0,0,0,0,0,0,1,0,0,1
"132",2008,0,0,0,0,0,0,0,1,0,1,1,1,1
"133",1993,0,0,0,0,0,0,0,1,0,0,0,0,0
"134",1994,1,0,0,0,0,0,0,1,0,1,1,0,0
"135",2000,1,0,1,0,0,0,0,0,0,1,1,0,0
"136",2011,1,0,0,0,0,0,0,0,0,1,1,0,0
"137",2010,1,0,0,0,0,0,0,0,0,1,1,0,0
"138",2012,1,0,0,0,0,1,0,0,1,1,1,0,1
"140",2004,0,0,0,0,1,0,0,1,0,1,1,0,1
"141",2012,1,0,0,0,0,0,0,0,1,1,1,1,1
"142",2004,0,0,0,0,1,0,0,1,0,1,0,0,1
"144",2011,0,0,0,0,0,0,0,1,0,1,0,0,1
"145",2005,0,0,0,0,1,0,0,0,1,1,1,0,1
"146",2006,1,0,0,0,1,0,0,0,1,1,1,0,0
"147",2013,0,0,0,0,0,1,0,1,0,1,1,1,1
"148",2016,0,0,0,0,1,0,0,0,1,1,1,0,1
"149",2014,0,0,0,0,0,1,0,1,0,1,0,1,1
"150",2017,0,0,0,0,0,0,0,0,1,1,1,1,0
"151",2016,0,0,0,0,1,0,0,0,1,1,1,0,1
"152",2018,1,0,0,0,0,0,0,0,1,1,1,0,1
"153",2012,0,0,0,0,0,0,0,1,0,1,1,0,1
"154",2007,1,0,0,0,0,0,0,0,1,1,1,0,1
"155",2007,1,0,0,0,0,0,1,0,0,1,1,0,0
"156",2015,0,0,0,0,0,0,0,0,0,0,1,0,0
"157",2005,1,0,0,0,0,0,0,0,1,1,1,1,1
"158",1996,1,0,0,0,0,0,0,0,1,1,1,0,1
"159",2016,0,0,0,0,0,0,0,1,0,1,1,1,1
"160",1994,1,0,0,0,0,0,0,0,0,1,1,0,0
"161",1999,1,0,0,0,0,0,0,0,1,1,1,0,0
"162",1997,1,0,0,0,0,0,0,0,1,1,1,0,0
"163",2011,0,0,0,0,1,0,0,0,1,1,1,0,0
"164",2007,1,0,0,0,0,0,0,0,0,1,1,0,0
"165",2013,0,0,0,0,0,1,0,1,0,1,1,1,1
"166",2007,1,0,0,0,1,0,0,0,1,1,1,0,1
"168",2005,1,0,0,0,0,0,0,0,1,1,1,1,1
"169",2020,0,0,0,0,0,1,0,1,0,1,1,1,1
"170",2006,1,0,0,0,1,0,0,0,1,1,1,0,1
"171",2019,0,0,0,0,0,1,0,1,0,1,1,1,1
"172",2015,0,0,0,0,0,1,0,1,0,1,1,0,1
"173",2012,0,0,0,0,0,1,0,1,0,1,1,0,1
"174",1998,1,0,1,0,0,0,0,0,0,0,1,0,0
"175",2013,0,0,0,0,0,1,0,1,0,1,1,1,1
"176",2009,1,0,0,0,0,0,1,0,0,1,1,0,0
"177",2015,1,0,0,0,0,0,0,0,1,1,1,1,0
"178",2019,0,0,0,0,0,1,0,1,0,1,1,1,1
"179",2012,0,0,0,0,0,1,0,1,0,1,1,1,1
"181",2009,1,0,0,0,0,0,0,0,1,0,1,1,0
"182",2014,0,0,0,0,0,0,0,1,0,1,0,0,1
"183",1998,1,0,0,0,0,0,1,0,0,1,1,0,0
"184",2009,0,0,0,0,0,0,0,1,0,1,1,0,0
"185",1994,1,0,0,0,0,0,0,0,0,1,1,0,0
"186",2014,0,0,0,0,0,0,0,1,0,1,0,1,1
"187",1993,0,0,0,0,0,0,0,1,0,1,0,0,1
"189",2009,1,0,0,0,0,0,1,0,0,1,1,0,0
"190",2018,0,0,0,0,0,0,1,0,0,1,1,0,0
"191",2009,1,0,0,0,0,0,0,0,1,1,1,0,1
"192",2014,0,0,0,0,0,0,1,0,0,0,0,0,1
"193",2006,1,0,0,0,0,0,1,0,0,0,1,0,1
"194",1993,1,0,0,0,0,0,0,0,0,1,0,0,1
"195",2004,0,0,0,0,0,0,0,1,0,1,1,0,0
"196",2011,0,0,0,0,0,0,0,1,0,1,0,1,1
"197",1996,1,0,0,0,0,0,1,0,0,1,1,0,0
"198",2004,1,0,0,0,0,0,1,0,0,1,1,0,0
"199",1999,0,0,0,0,0,0,0,0,1,1,1,0,0
"200",2003,1,0,0,0,0,0,1,0,0,1,1,0,0
"202",2007,0,0,0,0,1,0,0,0,1,1,1,1,1
"203",1995,1,1,0,0,0,0,1,0,0,1,1,0,0
"204",2017,1,0,0,0,1,0,0,0,1,1,1,0,1
"206",2015,1,0,0,0,0,0,0,0,0,1,1,0,0
"207",2004,1,0,0,0,0,0,1,0,0,1,1,0,0
"208",1994,0,0,0,0,0,0,0,0,1,1,1,0,1
"209",2009,1,0,0,0,0,0,1,0,0,1,1,0,0
"210",2004,0,0,0,0,1,0,0,1,0,1,1,0,1
"211",2011,0,0,0,0,0,0,0,0,1,1,1,0,0
"213",2004,0,0,0,0,0,0,0,0,1,0,1,1,0
"214",2013,0,0,0,0,0,0,0,0,1,1,1,0,0
"215",2010,0,0,0,0,0,0,0,1,0,1,1,0,1
"216",2006,1,0,0,0,1,0,0,0,1,1,1,0,1
"218",2008,1,0,0,0,0,0,1,0,0,1,1,0,0
"219",2006,1,0,1,0,0,0,0,0,0,1,1,0,0
"220",2006,1,0,0,0,1,0,0,0,1,0,1,0,1
"221",2014,1,0,0,0,0,0,0,1,0,1,1,1,1
"222",2015,1,0,0,0,0,0,0,0,1,1,0,1,0
"223",2016,0,0,0,0,0,0,0,0,1,1,1,1,1
"224",2018,0,0,0,0,0,0,0,0,1,1,1,0,0
"225",2012,0,0,0,0,0,1,0,0,1,1,1,0,1
"226",2004,0,0,0,0,1,0,0,0,1,1,1,1,0
"227",1993,1,0,0,0,0,0,1,0,0,0,1,0,0
"228",2013,1,0,0,0,0,0,0,0,0,1,1,0,0
"230",2001,1,0,0,0,0,0,0,0,0,1,1,0,1
"233",2004,1,0,0,0,0,0,0,0,1,1,1,0,0
"236",2012,0,0,0,0,0,1,0,0,1,1,1,0,1
"237",2018,0,0,0,0,0,1,0,1,0,1,1,0,1
"239",2007,1,0,0,0,0,0,0,0,1,1,1,0,1
"240",2011,0,0,0,0,0,1,0,1,0,1,1,1,0
"241",2009,0,0,0,0,0,0,0,1,0,1,1,0,1
"242",2012,0,0,0,0,0,1,0,1,0,1,1,1,1
"244",2015,0,0,0,0,0,1,0,0,1,0,1,0,1
"246",1997,1,0,0,0,0,0,0,0,0,1,1,0,0
"247",1998,1,0,1,0,0,0,0,0,1,1,1,0,0
"248",2015,1,0,0,1,0,0,0,0,1,1,1,1,0
"249",2015,1,0,0,1,0,0,0,0,1,1,1,1,0
"250",1993,1,0,0,0,0,0,0,0,1,1,1,1,0
"251",2009,1,0,0,0,0,0,1,0,0,1,1,0,0
"253",2014,0,0,0,0,0,1,1,0,0,1,1,0,1
"254",2015,0,0,0,0,0,0,0,1,0,1,1,0,1
"255",2007,1,0,0,0,0,0,0,0,1,1,1,0,0
"256",2009,1,0,0,0,0,0,0,0,0,1,1,0,0
"257",2003,1,0,0,0,0,0,1,0,0,1,1,0,0
"258",1997,1,0,0,0,0,0,1,0,0,1,1,0,0
"259",2015,1,0,0,0,0,0,0,0,1,1,1,0,1
"260",2006,0,0,0,0,0,0,1,0,0,1,0,1,0
"262",1994,0,0,0,0,0,0,0,1,0,1,1,1,1
"263",1995,1,0,0,0,0,0,0,0,0,1,1,0,0
"264",2001,1,0,0,0,0,0,0,0,1,1,1,0,0
"265",2004,0,0,0,0,1,0,0,1,0,1,1,1,1
"267",1993,1,0,0,0,0,0,0,0,0,1,1,0,0
"268",2014,0,0,0,0,0,0,0,0,0,0,0,1,1
"269",2001,1,0,0,0,0,0,0,0,1,1,1,0,1
"270",2010,0,0,0,0,0,0,0,1,0,1,1,0,0
"271",2000,1,0,0,0,0,0,0,0,0,1,1,0,0
"272",2018,1,0,0,0,0,0,1,0,0,1,1,1,0
"273",1993,1,0,0,0,0,0,0,0,0,1,1,0,0
"274",2004,1,0,0,0,0,0,0,0,0,1,1,0,0
"275",1993,1,0,1,0,0,0,1,0,0,1,1,0,0
"276",2008,1,0,0,0,0,0,0,0,0,1,1,0,0
"277",2007,1,0,0,0,0,0,0,0,0,1,1,0,0
"278",2008,0,0,0,0,0,0,0,0,1,1,0,0,1
"280",1992,1,0,0,0,0,0,0,0,0,1,1,0,0
"282",2008,0,0,0,0,0,0,0,0,1,1,1,0,1
"283",1994,1,0,0,0,0,0,0,1,0,1,1,0,0
"284",2018,1,0,0,0,0,0,0,0,0,1,1,0,0
"285",1994,1,0,0,0,0,0,0,0,0,1,1,0,0
"286",1994,1,0,0,0,0,0,0,0,0,1,1,0,0
"287",2007,1,0,0,0,0,0,0,0,0,1,1,0,0
"288",1997,0,0,0,0,0,0,0,0,1,1,1,0,0
"289",2009,0,0,0,0,0,0,1,1,0,1,1,0,0
"290",1992,0,0,0,0,0,0,0,0,1,1,1,0,1
"291",2008,1,0,0,0,0,0,0,0,1,1,1,0,1
"292",2003,1,0,0,0,0,0,1,0,0,1,1,0,0
"293",2011,0,0,0,0,0,0,0,1,0,1,0,0,1
"294",2009,1,0,0,0,0,0,0,0,0,1,0,1,0
"295",2003,0,0,0,0,1,0,0,1,0,1,0,0,1
"297",2020,0,0,0,0,0,0,0,0,0,1,1,0,0
"298",2017,0,0,0,0,0,0,0,1,0,1,0,1,1
"299",2012,1,0,0,0,0,0,0,0,0,1,1,0,0
"300",2017,1,0,0,0,0,0,1,0,0,1,1,0,0
"301",2009,1,0,0,0,0,0,0,0,0,1,1,0,0
"302",2013,1,0,0,0,0,0,0,0,1,1,0,0,1
"304",1999,0,0,0,0,0,0,0,1,0,1,1,0,0
"305",2009,1,0,0,0,0,0,1,0,0,1,1,0,0
"306",1994,0,0,0,0,0,0,0,1,0,0,0,1,1
"307",2005,1,0,0,0,0,0,1,0,0,1,1,1,0
"308",2015,1,0,0,0,0,0,0,0,1,0,1,0,1
"309",1993,1,0,0,0,0,0,0,0,0,1,0,0,1
"310",2002,1,0,0,0,0,0,0,0,1,1,0,0,0
"311",2015,1,0,0,0,0,0,1,0,0,1,1,0,0
"312",1992,1,0,0,0,0,0,0,0,0,1,1,0,0
"313",1997,1,0,0,0,0,0,0,0,0,1,1,0,0
"314",2017,1,0,0,0,0,0,0,0,0,0,1,1,0
"315",1994,0,0,0,0,0,0,0,0,0,1,0,0,1
"316",2011,1,0,0,0,0,0,1,0,0,1,1,0,0
"317",2015,1,0,0,0,0,0,0,0,1,1,1,0,0
"318",2012,0,0,0,0,0,0,0,1,0,1,1,0,0
"319",1993,0,0,0,0,0,0,0,1,0,1,1,0,1
"320",2016,0,0,0,0,0,0,0,0,1,1,0,0,1
"321",1992,0,0,0,0,0,0,0,1,0,1,0,0,1
"322",2010,1,0,0,0,0,0,1,0,0,1,1,0,0
"323",2012,1,1,0,0,0,0,0,0,0,1,1,0,0
"324",2004,1,0,0,0,0,0,0,0,1,1,1,0,0
"325",2008,1,0,0,0,0,0,0,0,1,1,1,0,0
"326",2018,1,0,0,0,0,0,1,0,0,1,1,0,0
"327",2010,1,0,0,0,0,0,1,0,0,1,1,1,0
"330",2005,1,0,0,0,0,0,1,0,0,1,1,0,1
"331",2004,0,0,0,0,1,0,0,1,0,1,1,1,1
"332",2017,0,0,0,0,0,1,0,0,1,0,1,0,1
"333",2004,1,0,0,0,1,0,0,0,1,1,1,0,1
"334",1993,1,0,0,0,0,0,0,0,1,1,1,0,0
"335",2015,1,1,0,0,0,0,1,0,0,1,1,0,0
"337",1996,1,0,0,0,0,0,0,0,1,1,1,0,1
"339",1996,1,0,0,0,0,0,0,0,1,1,1,0,1
"340",2007,0,0,0,0,1,0,0,0,1,1,0,1,1
"341",1994,1,0,0,0,0,0,0,1,0,1,1,0,0
"342",1993,1,0,0,0,0,0,1,0,0,1,1,0,0
"343",2017,1,0,0,0,0,0,1,0,0,1,1,0,0
"344",2003,1,0,0,0,0,0,1,0,0,1,1,0,1
"345",2005,1,0,0,0,0,0,0,0,0,0,1,0,0
"346",2002,1,1,0,0,0,0,0,0,0,1,1,0,0
"347",1993,0,0,0,0,0,0,0,0,1,1,0,1,1
"348",1993,1,0,0,0,0,0,0,0,1,1,1,0,0
"349",2005,0,0,0,0,0,0,0,0,0,0,1,0,0
"350",2004,0,0,0,0,1,0,0,0,1,1,1,0,1
"351",2004,1,0,0,0,0,0,1,0,0,1,1,0,0
"352",2012,0,0,0,0,0,0,1,0,0,1,1,0,0
"353",1997,1,0,0,0,0,0,0,0,1,1,1,0,0
"354",2002,1,0,0,0,0,0,1,0,0,1,1,0,0
"355",2017,1,0,0,0,0,0,1,0,0,1,1,1,0
"356",1997,1,1,0,0,0,0,0,0,0,1,1,0,0
"357",2014,1,0,0,0,0,0,0,0,1,1,1,0,0
"360",2001,1,0,0,0,0,0,1,0,0,1,1,0,0
"361",2012,1,1,0,0,0,0,1,0,0,1,1,0,0
"362",2019,1,0,0,0,0,0,0,0,0,1,1,0,0
"363",2007,1,0,0,0,0,0,1,0,0,1,1,1,0
"364",1998,0,0,0,0,0,0,0,0,0,1,1,0,1
"365",2002,1,0,1,0,0,0,0,0,0,1,1,0,0
"366",2010,0,0,0,0,0,0,0,0,0,1,1,0,0
"368",2016,0,0,0,0,0,0,0,0,1,1,1,0,0
"369",2004,1,0,0,0,0,0,0,0,0,1,1,0,0
"371",2009,1,0,0,0,0,0,0,0,0,1,1,0,0
"372",2005,1,0,0,0,0,0,1,0,0,1,1,0,0
"373",2004,1,0,0,0,0,0,1,0,0,1,1,0,0
"374",1993,0,0,0,0,0,0,0,1,0,1,1,0,1
"375",2015,1,0,0,1,0,0,0,0,1,0,1,1,0
"376",2020,1,0,0,0,0,0,0,0,1,1,1,0,1
"377",1994,1,0,0,0,0,0,0,0,0,1,1,1,0
"378",2012,1,0,0,0,0,0,0,0,1,1,1,0,1
"379",2004,1,0,0,0,1,0,0,0,1,1,0,1,1
"381",2009,1,0,0,0,0,0,1,0,0,1,1,0,0
"383",1994,1,0,0,0,0,0,0,0,1,1,1,0,0
"384",2003,0,0,0,0,0,0,0,1,0,1,1,0,1
"385",1994,1,0,0,0,0,0,0,1,0,1,1,0,0
"386",1993,1,0,1,0,0,0,0,0,1,1,1,0,0
"387",2015,1,1,0,0,0,0,0,0,0,1,1,0,0
"388",1998,1,0,0,0,0,0,0,0,0,1,1,0,0
"390",2014,1,0,0,0,0,0,0,0,0,1,1,0,0
"391",2015,1,0,0,0,1,0,0,0,1,1,1,0,1
"392",2008,0,0,0,0,0,0,0,1,0,1,1,0,1
"393",2005,0,0,0,0,1,0,0,0,1,1,1,0,1
"394",2001,0,0,0,0,0,0,0,0,1,1,1,0,0
"396",2011,1,0,0,0,0,0,0,0,1,1,1,0,0
"397",2005,1,0,0,0,1,0,0,0,1,1,1,1,1
"398",2007,1,0,0,0,1,0,0,0,1,1,1,0,1
"399",1992,1,0,0,0,0,0,0,0,1,1,1,0,0
"401",2015,1,0,0,0,0,0,0,0,1,1,0,0,1
"402",2011,0,0,0,0,0,0,0,0,1,1,0,0,1
"403",2012,1,0,0,0,0,0,0,0,1,1,1,0,1
"405",2014,1,0,0,0,0,0,0,0,0,1,1,0,0
"406",2003,1,0,0,0,0,0,0,0,1,1,1,1,0
"407",1996,1,0,0,0,0,0,0,0,0,1,1,1,0
"408",2001,1,0,0,0,0,0,1,0,0,1,1,0,0
"410",1994,1,0,0,0,0,0,0,0,1,1,1,0,1
"412",2006,1,0,0,0,0,0,1,0,0,1,1,1,0
"413",1992,1,0,0,0,0,0,0,1,0,1,1,1,0
"415",2013,1,0,0,0,0,0,1,0,0,1,1,0,0
"416",2011,0,0,0,0,0,1,1,0,0,1,1,1,0
"417",2007,0,0,0,0,0,0,1,0,0,1,1,0,0
"418",2013,0,0,0,0,0,1,0,1,0,1,1,0,1
"419",1999,1,0,0,0,0,0,0,1,0,1,1,1,0
"421",2007,1,0,0,0,1,0,0,0,1,1,1,0,0
"423",2015,1,0,0,0,1,0,0,0,1,1,1,0,0
"424",2005,1,0,0,0,1,0,0,0,1,1,1,0,1
"425",2014,0,0,0,0,1,0,0,0,1,1,1,0,1
"426",2001,1,0,1,0,0,0,0,0,0,1,1,0,0
"427",2015,1,0,1,0,0,0,0,0,0,0,1,0,0
"428",2009,1,0,0,0,0,0,1,0,0,1,1,0,0
"429",1994,0,0,0,0,0,0,0,1,0,1,1,1,1
"430",2004,1,0,0,0,0,0,0,0,0,1,1,1,0
"431",1997,1,0,1,0,0,0,0,0,1,1,1,0,0
"432",2010,1,1,0,0,0,0,0,0,0,1,1,0,0
"433",2004,1,0,0,0,0,0,0,0,0,1,1,0,0
"435",2019,1,0,0,0,0,0,0,0,0,1,1,0,0
"437",1996,1,0,0,0,0,0,1,0,0,1,1,0,0
"438",1997,0,0,0,0,0,0,0,0,1,1,1,0,0
"440",1999,0,0,0,0,0,0,0,0,0,1,0,0,1
"442",2011,1,0,0,0,0,0,1,0,0,1,1,0,0
"443",2017,1,0,0,0,0,0,0,0,1,0,1,0,0
"444",2005,1,0,0,0,0,0,1,0,0,1,1,0,0
"445",2005,1,0,0,0,0,0,1,0,0,1,1,0,0
"447",2004,1,0,0,0,0,0,0,0,0,1,1,0,0
"448",2009,1,0,0,0,0,0,1,0,0,1,0,0,0
"449",1992,0,0,0,0,0,0,0,1,0,1,0,0,1
"451",2006,1,0,0,0,0,0,0,0,1,1,1,1,0
"452",2015,1,0,0,1,0,0,0,0,1,1,1,0,0
"453",1998,0,0,0,0,0,0,0,1,0,1,1,0,1
"454",2000,1,0,0,0,0,0,1,0,0,1,1,0,0
"455",2001,1,0,0,0,0,0,0,0,0,1,1,0,0
"456",2018,1,0,0,0,0,0,0,0,0,1,1,0,0
"457",1997,1,0,1,0,0,0,0,0,0,1,1,0,0
"458",2015,1,1,0,0,0,0,1,0,0,1,0,0,0
"459",2011,1,0,0,0,0,0,1,0,0,1,1,0,0
"460",2010,0,0,0,0,0,0,1,0,0,1,1,0,0
"461",2014,0,0,0,0,0,0,0,0,1,1,1,0,1
"463",2013,0,0,0,0,0,1,0,1,0,1,1,1,1
"464",2004,0,0,0,0,1,0,0,0,1,1,1,1,0
"465",2018,1,0,0,0,0,0,0,0,1,1,1,0,1
"466",2013,1,0,0,0,0,0,0,0,1,0,0,0,1
"467",1994,1,0,0,0,0,0,0,0,1,1,1,1,0
"469",2010,1,0,0,0,0,0,0,0,0,1,1,0,0
"470",1996,1,0,0,0,0,0,0,0,0,1,1,0,0
"471",1994,1,0,0,0,0,0,0,0,0,1,1,0,0
"473",2009,1,0,0,0,0,0,1,0,0,0,1,1,0
"474",2015,1,1,0,0,0,0,1,0,0,1,1,0,0
"475",1994,1,0,0,0,0,0,0,0,0,1,1,0,0
"477",2014,1,0,0,0,0,0,0,0,0,1,1,0,0
"478",2004,1,0,0,0,0,0,0,0,0,1,1,0,0
"479",2008,0,0,0,0,0,0,0,1,0,1,1,1,1
"480",1993,0,0,0,0,0,0,0,1,0,1,0,1,1
"481",2015,0,0,0,1,0,0,0,0,1,1,1,1,0
"482",2003,1,0,1,0,0,0,1,0,0,1,1,0,0
"483",2012,0,0,1,0,0,0,1,0,0,1,1,1,0
"484",2001,1,0,0,0,0,0,0,0,0,1,1,0,0
"485",2000,1,0,1,0,0,0,0,0,0,1,1,0,0
"486",2006,1,0,1,0,0,0,0,0,0,1,1,0,0
"487",1999,1,0,1,0,0,0,0,0,0,1,1,0,0
"489",2013,0,0,0,0,0,0,0,1,0,0,1,1,1
"490",2017,0,0,0,0,0,0,0,0,1,1,1,0,1
"492",1992,1,0,0,0,0,0,0,0,1,1,1,0,0
"493",2008,1,0,0,0,1,0,0,0,1,1,1,0,1
"494",2009,0,0,0,0,1,0,0,0,1,1,1,0,1
"495",1992,1,0,0,0,0,0,1,0,0,1,1,0,0
"496",2007,1,0,0,0,1,0,0,0,1,1,1,1,0
"497",2007,1,0,0,0,1,0,0,0,1,1,1,0,0
"499",2018,1,0,0,0,0,1,0,0,1,1,1,0,1
"500",2012,1,0,0,0,0,0,0,1,0,1,1,0,0
"501",2009,1,0,0,0,0,0,1,0,0,1,1,0,0
"502",1993,1,0,0,0,0,0,0,0,0,1,0,0,1
"503",2017,0,0,0,0,1,0,0,0,1,1,1,0,1
"504",2001,1,0,0,0,0,0,0,0,0,1,0,0,1
"505",2005,1,0,0,0,0,0,1,0,0,1,1,0,0
"506",2002,1,0,0,0,0,0,0,0,1,1,1,0,0
"507",2016,0,0,0,0,0,0,0,1,0,1,1,0,1
"508",2016,1,0,0,0,1,0,0,0,1,1,1,0,1
"509",2011,0,0,0,0,0,0,0,0,0,1,1,1,0
"512",2009,1,0,0,0,0,0,0,1,0,1,1,0,1
"513",2012,1,0,0,0,0,0,0,0,1,1,1,0,1
"514",2012,1,0,0,0,0,0,0,0,1,1,1,0,0
"515",2009,0,0,0,0,0,0,0,0,1,1,1,0,1
"517",2017,0,0,0,0,0,1,0,0,1,1,1,0,1
"518",2006,1,0,0,0,0,0,0,1,0,1,1,1,1
"519",2004,0,0,0,0,1,0,0,0,1,1,1,0,0
"520",2003,0,0,0,0,0,0,0,0,0,1,1,0,0
"521",2002,0,0,1,0,0,0,0,1,0,1,1,0,1
"522",2009,1,0,0,0,0,0,1,0,0,1,1,0,0
"523",2006,1,0,0,0,0,0,1,0,0,1,1,0,0
"524",1999,1,0,1,0,0,0,1,0,0,1,1,1,0
"525",2004,1,0,0,0,0,0,0,0,0,1,1,0,0
"526",2005,1,0,0,0,1,0,0,0,1,0,1,0,1
"527",2015,1,0,0,0,0,0,0,0,1,0,1,0,1
"529",2019,0,0,0,0,1,0,0,1,0,1,1,1,0
"530",1993,1,0,0,0,0,0,0,0,0,1,0,0,1
"531",2012,0,0,0,0,0,1,0,0,0,1,1,1,1
"532",2007,1,0,0,0,0,0,0,0,0,1,1,0,0
"533",2015,0,0,0,0,0,1,0,0,1,1,1,0,1
"534",2004,1,0,0,0,0,0,0,0,1,1,1,0,0
"535",1992,1,0,0,0,0,0,1,0,0,1,1,0,0
"536",2017,0,0,0,0,0,0,0,0,1,1,1,0,0
"537",2012,0,0,0,0,0,0,0,1,0,1,1,0,1
"538",2005,1,0,0,0,1,0,0,0,1,1,1,0,1
"539",2007,1,0,0,0,1,0,0,0,1,1,1,0,1
"540",2006,1,0,0,0,1,0,0,0,1,1,1,0,1
"541",2020,1,0,0,0,0,1,0,0,0,1,1,0,1
"542",2009,1,0,0,0,0,0,1,0,0,1,1,0,0
"543",2015,1,0,0,0,0,0,0,0,1,1,0,0,1
"544",2018,1,0,0,0,0,1,0,0,1,1,1,0,1
"546",2016,0,0,0,0,0,1,0,1,0,1,1,0,1
"547",2006,1,0,0,0,1,0,0,0,1,1,1,0,1
"548",2001,1,0,0,0,0,0,1,0,0,1,1,0,0
"549",1993,0,0,0,0,0,0,0,1,0,1,1,0,0
"550",2000,1,0,0,0,0,0,0,0,0,1,1,0,0
"551",1996,1,0,0,0,0,0,1,0,0,1,1,1,0
"553",2008,1,0,0,0,1,0,0,0,1,1,1,0,0
"554",2012,1,0,0,0,0,1,0,0,1,1,1,0,1
"555",1999,0,0,0,0,0,0,0,0,1,1,0,0,1
"557",2020,1,0,0,0,0,0,0,0,0,1,1,0,0
"558",2002,0,0,0,0,0,0,0,1,0,1,1,1,1
"559",2013,0,0,0,0,0,0,0,0,1,1,1,0,0
"562",2007,0,0,0,0,0,0,0,1,0,0,1,0,1
"563",1997,0,0,0,0,0,0,0,1,0,1,1,1,1
"565",2006,1,0,0,0,1,0,0,0,1,1,1,1,1
"566",2015,1,1,0,0,0,0,0,0,0,1,1,0,0
"567",2020,0,0,0,0,0,0,0,0,0,1,1,0,0
"569",2002,0,0,0,0,0,0,0,1,0,1,1,0,0
"570",2015,1,1,0,0,0,0,1,0,0,1,1,0,0
"573",2008,1,0,0,0,0,0,0,0,1,1,1,0,0
"574",1992,0,0,0,0,0,0,0,1,0,1,0,0,1
"575",1992,0,0,0,0,0,0,0,1,0,1,1,0,1
"576",1997,0,0,0,0,0,0,0,0,1,1,1,0,0
"577",2015,1,0,0,0,0,0,1,0,0,1,1,1,0
"578",1999,1,0,1,0,0,0,0,0,0,1,1,0,0
"579",2003,1,0,1,0,0,0,1,0,0,1,1,0,0
"581",2018,1,1,0,0,0,0,1,0,0,1,1,0,0
"582",2015,1,0,0,0,1,0,0,0,1,1,1,0,1
"583",2013,1,0,0,0,1,0,0,0,1,1,1,0,0
"584",2011,0,0,0,0,0,0,0,1,0,1,1,0,0
"585",2007,1,0,0,0,1,0,0,0,1,1,1,0,0
"586",2015,0,0,0,0,0,1,0,0,1,1,1,1,1
"587",2018,1,0,0,0,0,0,1,0,0,1,1,0,1
"588",2012,1,0,0,0,0,0,0,0,0,1,1,0,0
"589",2006,0,0,0,0,1,0,0,0,1,1,0,0,1
"590",2014,1,0,0,0,0,1,0,0,1,1,0,1,1
"591",2003,0,0,0,0,0,0,0,1,0,1,0,1,1
"592",1999,1,0,0,0,0,0,0,0,1,1,1,0,1
"593",2010,0,0,0,0,0,0,0,0,1,1,0,0,1
"595",2018,1,0,0,0,0,0,1,0,0,1,1,0,0
"596",2009,1,0,0,0,0,0,0,1,0,1,0,1,1
"597",2008,1,0,0,0,0,0,0,0,1,1,1,0,0
"598",2008,1,0,0,0,1,0,0,0,1,1,1,0,1
"599",2008,0,0,0,0,0,0,0,0,0,1,1,0,0
"602",2017,1,0,0,0,0,0,0,0,0,1,1,0,0
"603",2015,1,0,0,1,0,0,0,0,1,1,1,0,0
"604",2003,1,0,0,0,0,0,0,1,0,1,0,0,0
"606",1993,0,0,0,0,0,0,0,0,1,1,0,0,1
"607",2010,1,0,0,0,0,0,1,1,0,1,1,0,0
"608",2007,1,0,0,0,0,0,0,0,0,1,1,1,0
"609",2018,1,1,0,0,0,0,1,0,1,1,1,0,0
"610",1999,1,0,0,0,0,0,0,0,1,1,1,0,1
"611",2009,1,0,0,0,0,0,1,0,0,1,1,0,0
"612",2003,0,0,0,0,1,0,0,0,1,1,0,1,1
"613",2005,1,0,0,0,1,0,0,0,1,1,1,0,1
"614",2016,0,0,0,0,0,0,0,0,1,1,0,1,1
"616",1997,1,0,0,0,0,0,0,1,0,1,1,0,0
"617",2009,1,0,0,0,0,0,1,0,0,1,1,0,0
"618",2016,0,0,0,0,0,1,0,1,0,1,1,1,0
"619",2002,0,0,0,0,0,0,0,1,0,1,1,0,0
"620",1994,1,1,0,0,0,0,1,0,0,1,1,0,0
"621",2016,1,1,0,0,0,0,0,0,0,1,1,0,0
"622",2017,1,0,0,0,0,0,0,0,0,1,1,0,0
"624",2020,1,0,0,0,0,0,0,0,1,1,1,0,0
"625",1995,0,0,0,0,0,0,0,1,0,1,0,0,1
"626",2009,1,0,0,0,0,0,1,0,0,1,1,0,0
"627",2018,1,0,0,0,0,0,1,0,0,1,1,0,0
"628",2001,0,0,0,0,0,0,0,1,0,0,0,0,1
"629",2009,1,0,0,0,0,0,1,0,0,1,1,0,0
"630",2015,1,0,0,0,0,0,0,0,0,1,1,0,0
"631",2018,1,0,0,0,0,0,0,0,0,1,1,0,0
"632",1995,0,0,0,0,0,0,0,1,0,1,0,0,1
"633",2009,0,0,0,0,0,0,0,0,0,1,1,0,0
"634",2009,1,0,0,0,0,0,1,0,0,1,1,0,0
"635",2015,0,0,0,0,0,1,0,1,0,1,1,0,1
"636",1992,0,0,0,0,0,0,0,1,0,1,0,0,1
"637",2006,1,0,0,0,0,0,0,0,0,1,1,0,0
"638",2019,1,0,0,0,0,0,1,0,0,1,1,0,0
"639",2001,1,0,1,0,0,0,0,0,0,1,1,0,0
"640",2002,0,0,0,0,0,0,0,1,0,1,1,0,0
"641",1997,1,0,0,0,0,0,1,0,0,1,1,0,0
"643",2020,1,0,0,0,0,0,1,0,0,1,1,0,0
"644",2001,1,0,0,0,0,0,1,0,0,1,1,0,0
"645",2020,0,0,1,0,0,0,0,1,0,1,1,0,0
"646",2011,1,0,0,0,0,0,0,0,0,1,1,0,0
"647",2008,1,0,0,0,0,0,0,0,0,1,1,0,0
"648",2005,1,1,0,0,0,0,1,0,0,1,1,0,0
"649",2004,1,1,0,0,0,0,0,0,0,1,1,0,0
"650",1998,1,1,0,0,0,0,1,0,0,1,1,0,0
"651",2003,0,0,0,0,1,0,0,1,0,1,0,0,1
"652",2001,1,0,1,0,0,0,0,0,0,1,1,0,0
"653",2003,1,0,1,0,0,0,1,0,0,1,1,0,0
"654",2009,1,0,1,0,0,0,0,0,0,1,1,0,0
"655",1997,1,0,0,0,0,0,0,0,0,1,1,0,0
"656",2000,1,0,0,0,0,0,0,0,1,1,1,0,0
"657",2001,1,0,0,0,0,0,0,0,0,1,1,0,0
"658",1993,1,0,0,0,0,0,1,0,0,1,1,0,1
"659",1993,1,0,0,0,0,0,1,0,0,1,1,0,1
"660",2015,1,0,0,0,0,0,1,0,0,1,1,0,0
"661",2013,1,1,0,0,0,0,0,0,0,1,1,0,0
"662",2010,1,0,0,0,0,0,1,0,0,1,1,0,0
"663",2010,1,0,0,0,0,0,0,0,1,1,1,1,0
"664",2003,1,0,0,0,0,0,0,0,1,1,1,0,0
"665",2000,1,0,1,0,0,0,1,0,0,1,1,0,0
"666",2003,0,0,1,0,0,0,0,0,1,1,1,0,0
"667",2001,0,0,0,0,0,0,0,0,1,1,1,1,0
"668",1995,1,0,0,0,0,0,0,1,0,1,1,0,0
"669",2004,1,0,0,0,0,0,0,0,0,1,1,0,0
"670",2018,1,0,1,0,0,0,0,0,1,1,0,0,0
"671",2003,0,0,0,0,1,0,0,1,0,1,0,0,1
"672",2005,0,0,0,0,0,0,0,1,0,1,1,0,0
"674",2001,1,0,0,0,0,0,0,0,0,1,0,0,1
"676",2020,1,0,0,0,0,0,0,0,0,1,1,0,0
"677",2011,1,0,0,0,0,0,0,0,0,1,1,0,0
"678",2004,1,0,0,0,0,0,0,0,0,1,1,0,0
"679",2006,0,0,0,0,1,0,0,1,0,1,1,1,1
"680",2018,0,0,0,0,0,1,0,1,0,1,1,0,1
"681",2004,1,0,0,0,1,0,0,0,1,1,1,0,1
"682",2017,0,0,0,0,0,1,0,0,1,1,1,0,1
"684",2011,0,0,0,0,0,0,1,0,0,1,1,1,0
"686",2016,1,0,0,0,0,0,0,0,0,1,1,0,0
"687",2001,1,0,0,0,0,0,1,0,0,1,1,1,0
"688",2005,1,0,0,0,0,0,0,0,0,0,0,0,1
"689",2003,0,0,0,0,1,0,0,1,0,1,0,1,1
"691",2012,1,0,0,0,0,0,0,0,1,1,1,0,0
"692",1993,1,0,0,0,0,0,1,0,0,1,1,0,0
"693",1994,0,0,0,0,0,0,0,1,0,1,1,0,1
"694",2015,1,0,0,0,0,1,0,0,1,1,0,1,1
"695",2007,0,0,0,0,0,0,0,1,0,1,0,0,0
"696",2001,0,0,0,0,0,0,0,1,0,1,0,0,1
"697",1995,1,0,0,0,0,0,0,0,1,0,1,0,1
"698",2014,0,0,0,0,1,0,0,0,1,1,1,0,0
"699",2005,1,0,0,0,1,0,0,0,1,1,1,0,1
"700",2017,0,0,0,0,0,1,0,0,1,1,1,1,1
"701",2015,0,0,0,0,0,0,0,0,1,1,1,0,1
"702",2016,0,0,0,0,0,0,0,0,1,1,1,1,1
"704",2007,0,0,0,0,1,0,0,1,0,1,1,0,0
"705",2006,1,0,0,0,1,0,0,0,1,1,1,1,1
"706",2014,0,0,0,0,0,0,0,1,0,1,1,0,1
"707",2014,0,0,0,0,1,0,0,0,1,1,1,0,1
"708",2007,1,0,0,0,1,0,0,0,1,1,0,0,1
"709",2007,1,0,0,0,1,0,0,0,1,0,1,0,0
"710",2008,1,0,0,0,0,0,1,0,0,1,1,0,0
"712",1994,1,0,0,0,0,0,1,0,0,1,1,0,0
"713",2017,0,0,0,0,0,0,0,0,0,0,0,1,0
"714",2018,0,0,0,0,0,0,0,1,1,1,0,1,1
"715",1992,1,0,0,0,0,0,0,0,0,1,1,0,1
"716",2005,1,0,0,0,0,0,1,0,0,1,1,1,0
"717",2004,0,0,0,0,1,0,0,0,1,1,0,1,1
"718",1992,1,0,0,0,0,0,0,1,0,1,1,0,1
"719",2000,0,0,0,0,0,0,0,1,0,1,0,0,1
"720",1996,1,0,0,0,0,0,0,0,0,1,1,0,0
"723",2004,0,0,0,0,0,0,0,0,1,1,1,0,0
"724",1998,1,0,0,0,0,0,1,0,0,0,1,0,0
"725",2016,1,0,0,0,0,0,1,0,0,1,1,0,0
"726",2009,1,0,0,0,0,0,1,0,0,1,1,0,1
"727",2012,0,0,0,0,0,1,0,1,0,1,1,0,1
"728",2006,0,0,0,0,0,0,0,1,0,0,1,1,1
"729",2009,1,0,0,0,0,0,1,0,0,0,1,0,0
"731",2018,1,0,0,0,0,0,1,0,0,1,1,0,0
"732",2019,1,0,0,0,0,0,0,0,0,1,1,0,0
"733",2018,1,0,0,0,0,0,1,0,0,0,1,0,0
"734",2014,0,0,0,0,1,0,0,1,1,0,0,1,1
"736",2012,1,0,0,0,0,0,0,0,1,1,1,0,0
"737",2009,1,0,0,0,0,0,1,0,0,1,1,0,0
"740",2017,0,0,0,0,1,0,0,0,1,1,1,0,1
"741",2020,1,0,0,0,0,0,0,0,0,1,0,0,0
"742",2011,0,0,0,0,0,0,0,1,0,1,0,0,0
"743",2011,1,1,0,0,0,0,0,0,0,1,1,0,0
"744",2020,1,0,0,0,0,0,1,0,0,1,1,1,0
"745",2015,1,0,1,0,0,0,0,0,0,1,1,0,0
"746",2010,1,0,0,0,0,0,0,0,0,1,1,0,0
"747",2003,1,0,1,0,0,0,0,0,0,1,1,0,1
"748",2011,1,0,0,0,0,0,0,0,0,1,1,0,0
"749",2017,1,1,0,0,0,0,0,0,0,1,1,1,0
"750",1998,1,0,0,0,0,0,0,1,0,1,1,0,0
"751",2003,1,1,0,0,0,0,0,0,0,1,1,0,0
"752",2007,1,1,0,0,0,0,1,0,0,1,1,0,0
"753",2014,1,0,0,0,0,0,0,0,1,1,0,1,0
"754",2006,1,0,0,0,1,0,0,0,1,0,1,0,1
"755",2019,0,0,0,0,0,0,0,0,1,0,1,1,1
"756",2015,1,0,0,0,0,0,0,0,0,1,1,0,0
"757",1992,1,0,0,0,0,0,0,0,1,1,1,0,0
"758",1999,1,0,0,0,0,0,0,0,1,1,1,1,1
"759",1994,1,0,0,0,0,0,0,0,1,1,1,0,0
"760",2013,1,1,0,0,0,0,0,0,0,1,1,0,0
"761",2008,1,0,0,0,0,0,1,0,0,1,1,0,1
"762",2005,1,0,0,0,0,0,0,1,0,1,1,0,1
"763",2005,0,0,0,0,1,0,0,1,0,0,1,0,1
"764",2007,1,0,0,0,0,0,0,0,1,1,1,0,1
"765",2016,0,0,0,0,0,0,0,0,0,1,1,0,1
"766",2012,1,0,0,0,0,0,0,0,1,1,1,1,0
"767",2018,1,0,0,0,0,0,0,0,1,0,1,0,1
"768",2005,0,0,0,0,0,0,1,0,0,1,1,0,1
"769",2012,0,0,0,0,0,0,0,1,0,1,1,0,1
"771",2013,0,0,0,0,0,1,0,1,0,1,1,0,1
"772",1998,1,0,0,0,0,0,0,0,1,1,0,0,0
"773",2006,0,0,0,0,1,0,0,1,0,1,1,0,1
"774",2014,0,0,0,0,0,1,0,1,1,1,1,0,1
"775",2007,1,0,0,0,1,0,0,0,1,1,1,0,1
"776",2016,0,0,0,0,0,1,0,1,0,1,1,1,1
"777",2006,1,0,0,0,0,0,1,0,0,1,1,0,0
"778",2020,1,0,0,0,0,0,0,0,1,0,1,0,1
"781",2004,1,0,0,0,0,0,0,0,1,1,1,0,0
"782",1998,1,1,0,0,0,0,1,0,0,1,1,0,0
"783",1992,1,0,0,0,0,0,0,0,0,1,1,0,0
"784",1993,1,0,1,0,0,0,0,0,0,1,1,0,0
"785",2001,0,0,0,0,0,0,0,1,0,1,0,1,1
"786",1994,1,0,0,0,0,0,0,0,0,1,1,0,0
"787",1995,1,0,0,0,0,0,0,0,0,1,0,0,1
"788",1994,0,0,0,0,0,0,0,0,0,1,0,0,1
"789",1995,1,1,0,0,0,0,1,0,0,1,1,0,0
"790",2014,1,1,0,0,0,0,0,0,1,1,1,0,0
"792",1993,1,0,0,0,0,0,0,1,0,0,1,0,0
"793",2017,0,0,1,0,0,0,0,1,0,0,1,0,0
"794",2020,1,0,0,0,0,0,0,0,0,0,1,0,0
"795",2011,1,0,0,0,0,0,0,0,0,0,1,1,0
"796",2001,1,0,0,0,0,0,0,0,0,0,0,0,1
"797",2004,1,0,0,0,0,0,1,0,0,0,1,0,0
"798",1993,0,0,0,0,0,0,0,1,0,0,1,0,0
"799",2006,1,0,0,0,0,0,0,0,1,0,1,1,0
"800",2012,1,0,0,0,0,1,0,1,0,0,0,0,1
"801",2009,1,0,0,0,0,0,1,0,0,0,1,0,0
"802",2018,1,0,0,0,0,0,0,0,0,1,1,0,0
"803",2012,1,1,0,0,0,0,1,0,0,1,1,0,0
"804",2013,1,0,0,0,0,0,0,0,0,1,1,1,0
"805",2009,1,0,0,0,0,0,1,0,0,0,1,0,0
"806",2009,1,0,0,0,0,0,1,0,0,1,1,0,0
"807",2005,1,0,0,0,0,0,1,0,0,0,1,0,0
"808",2006,1,0,0,0,0,0,0,0,0,1,0,1,0
"809",2004,1,0,1,0,0,0,0,0,0,1,1,0,0
"810",2001,1,0,0,0,0,0,0,0,0,1,0,0,1
"811",2008,1,0,0,0,0,0,1,0,0,1,1,0,0
"812",2017,1,0,0,0,0,0,0,0,0,1,1,1,0
"815",2004,0,0,0,0,1,0,0,1,0,1,1,0,1
"816",2003,0,0,0,0,1,0,0,1,0,1,0,0,1
"817",2012,0,0,0,0,0,1,0,1,0,1,1,1,0
"818",2007,0,0,0,0,0,0,0,0,1,1,1,1,0
"819",2016,0,0,0,0,0,0,0,0,1,1,1,0,0
"821",1996,1,0,0,0,0,0,1,0,0,1,1,0,0
"822",2003,0,0,0,0,1,0,0,1,0,1,0,0,1
"823",1997,1,0,0,0,0,0,0,1,0,1,1,1,0
"824",2014,1,0,0,0,0,0,1,0,0,1,1,1,0
"825",2009,0,0,0,0,0,0,0,0,1,0,0,0,1
"826",2013,0,0,0,0,0,0,0,1,1,1,0,0,1
"827",2000,0,0,0,0,0,0,0,1,0,1,0,0,1
"829",2012,0,0,0,0,0,1,0,1,0,0,0,0,1
"830",2013,1,0,0,0,0,0,1,0,0,1,1,0,0
"832",2000,1,0,0,0,0,0,0,0,1,1,1,0,0
"833",2020,1,0,0,0,0,0,0,0,1,1,1,0,0
"835",2017,1,0,0,0,0,0,0,0,0,0,1,0,0
"837",2013,0,0,0,0,0,0,0,0,1,1,1,0,0
"838",2010,1,0,0,0,0,0,0,0,1,1,1,1,1
"839",2017,0,0,0,0,0,1,0,1,0,1,1,0,1
"841",2004,0,0,0,0,0,0,0,1,0,1,1,0,0
"842",2013,0,0,0,0,0,1,0,1,0,1,1,0,1
"844",2012,0,0,0,0,0,1,0,1,0,1,1,1,1
"846",2009,0,0,0,0,0,0,0,0,1,1,1,0,1
"847",2019,0,0,0,0,0,0,0,0,1,1,1,1,1
"848",1996,1,0,0,0,0,0,0,0,1,1,1,0,1
"849",1996,1,0,0,0,0,0,0,0,1,1,1,0,0
"851",2014,1,0,0,0,0,0,0,0,1,1,1,0,0
"857",2012,0,0,0,0,0,1,0,1,0,1,1,0,1
"858",2013,0,0,0,0,0,1,0,1,0,1,1,1,1
"859",2019,0,0,0,0,0,0,0,0,1,1,1,0,0
"861",2015,0,0,0,0,0,0,0,1,0,1,1,0,1
"862",2014,0,0,0,0,0,1,0,1,0,1,1,0,1
"863",2013,0,0,0,0,0,1,0,1,0,1,1,0,1
"864",2006,1,0,0,0,1,0,0,0,1,1,1,0,1
"865",2018,0,0,0,0,0,0,0,0,1,1,1,0,1
"866",2007,1,0,0,0,1,0,0,0,1,1,1,0,1
"867",2009,0,0,0,0,0,0,0,0,1,1,1,0,1
"869",1996,0,0,0,0,0,0,0,1,0,1,1,0,0
"870",2013,1,0,0,0,0,1,0,0,1,1,1,0,1
"871",2018,0,0,0,0,0,0,1,0,1,1,1,0,1
"874",2007,0,0,0,0,0,0,0,0,0,1,1,1,0
"875",2015,0,0,0,0,0,1,0,1,0,1,1,0,1
"877",2011,0,0,0,0,0,0,0,0,0,1,1,1,1
"879",2016,1,0,0,0,0,1,0,0,1,1,1,0,1
"880",2016,0,0,0,0,0,0,0,0,1,1,1,1,1
"883",1994,1,0,0,0,0,0,0,0,0,1,0,0,1
"884",2019,0,0,0,0,0,1,0,1,0,1,1,0,1
"886",1999,1,0,0,0,0,0,0,0,1,1,1,0,0
"888",2008,1,0,0,0,0,0,0,0,0,1,1,0,0
"889",1994,1,0,0,0,0,0,0,0,1,1,1,0,0
"890",2016,0,0,0,0,0,1,0,1,0,1,1,0,1
"891",2006,1,0,0,0,0,0,0,0,1,1,1,0,0
"892",2009,0,0,0,0,0,0,0,0,1,1,1,0,0
"893",2007,1,0,0,0,1,0,0,0,1,1,1,0,0
"894",2008,1,0,0,0,1,0,0,0,1,1,1,0,1
"895",2016,0,0,0,0,0,1,0,0,1,1,0,0,1
"897",2013,0,0,0,0,0,1,0,1,1,1,1,1,1
"899",2001,1,0,0,0,0,0,0,0,0,1,1,1,0
"900",2012,1,0,0,0,0,1,1,0,0,1,1,1,1
"901",2013,0,0,0,0,0,0,1,0,0,1,1,0,0
"902",2014,0,0,0,0,0,1,0,1,0,1,1,1,1
"904",2004,0,0,0,0,1,0,0,0,1,1,1,0,1
"906",2015,1,0,0,1,0,0,0,0,1,1,1,0,0
"907",2011,0,0,0,0,1,0,0,0,1,1,1,0,0
"908",2016,0,0,0,0,0,0,0,0,1,1,1,0,1
"911",2006,1,0,0,0,1,0,0,0,1,1,1,0,1
"912",2001,0,0,0,0,0,0,0,1,0,1,1,0,0
"913",2010,1,0,0,0,0,0,0,0,0,1,1,0,0
"914",2007,0,0,0,0,0,0,0,0,1,1,1,0,0
"916",1997,1,0,0,0,0,0,1,0,0,1,1,0,0
"917",2013,0,0,0,0,0,1,0,1,0,1,1,1,1
"918",2007,1,0,0,0,1,0,0,0,1,1,1,0,0
"920",2012,1,0,0,0,0,0,0,1,1,1,1,1,1
"921",2009,1,0,0,0,0,0,0,0,1,1,1,0,0
"923",2006,0,0,0,0,0,0,0,0,1,1,1,0,0
"924",1999,1,0,0,0,0,0,0,0,1,1,1,1,1
"927",2018,1,0,0,0,0,0,0,0,1,1,1,0,1
"928",1992,1,0,0,0,0,0,1,0,0,1,1,1,0
"929",2009,1,0,0,0,0,0,0,1,0,1,1,0,1
"930",2015,1,0,0,0,0,0,0,0,1,1,1,0,1
"931",2008,1,0,0,0,1,0,0,0,1,1,1,0,0
"934",2015,0,0,0,0,0,0,0,0,1,1,1,1,1
"935",1993,1,0,0,0,0,0,0,0,1,1,1,0,0
"936",2016,1,0,0,0,0,1,0,0,1,1,1,0,1
"937",2007,1,0,0,0,1,0,0,0,1,1,1,0,0
"938",1992,1,0,0,0,0,0,0,0,1,1,1,0,0
"939",2016,0,0,0,0,1,0,0,0,1,1,1,0,1
"940",2018,0,0,0,0,0,1,0,0,1,1,1,0,1
"941",2014,0,0,0,0,1,0,0,0,1,1,1,0,0
"942",2014,1,0,0,0,0,0,0,0,0,1,1,0,0
"943",1999,0,0,0,0,0,0,0,0,1,1,0,0,1
"944",2000,1,0,0,0,0,0,1,0,0,1,1,0,0
"945",2020,1,0,0,0,0,0,0,1,1,1,1,1,1
"946",2006,1,0,0,0,1,0,0,0,1,1,1,0,1
"947",1995,1,0,0,0,0,0,0,0,1,1,1,0,1
"948",1996,1,0,0,0,0,0,0,1,0,0,1,0,1
"949",2004,1,0,0,0,1,0,0,0,1,0,1,0,1
"950",2001,1,0,0,0,0,0,1,0,0,1,1,0,0
"951",2010,1,0,0,0,0,0,0,0,1,1,1,0,0
"953",2016,0,0,0,0,0,0,0,0,1,1,1,0,1
"954",1997,1,0,0,0,0,0,1,0,0,1,1,0,0
"956",2012,0,0,0,0,0,1,0,0,1,1,1,0,1
"957",2015,1,0,0,0,0,0,0,0,1,1,0,0,0
"958",1992,1,0,0,0,0,0,0,0,1,1,1,0,0
"959",2007,0,0,0,0,1,0,0,1,0,1,0,0,1
"961",2006,1,0,0,0,1,0,0,0,1,0,1,0,1
"966",1995,0,0,0,0,0,0,0,1,0,0,0,0,1
"967",2009,1,0,0,0,0,0,1,0,0,0,1,1,0
"969",2010,1,0,0,0,0,0,0,0,0,1,1,0,0
"970",2002,1,0,0,0,0,0,0,0,1,1,1,0,1
"971",2018,1,0,0,0,0,0,1,0,0,1,1,1,0
"973",2007,1,0,0,0,1,0,0,0,1,1,1,1,1
"974",2003,0,0,0,0,0,0,0,1,0,1,1,0,1
"976",2019,1,0,0,0,0,0,1,0,0,1,1,0,0
"977",1998,1,0,1,0,0,0,1,0,0,1,1,0,0
"978",2019,1,0,0,0,0,0,1,0,0,1,1,0,0
"979",2003,1,1,0,0,0,0,1,0,0,1,1,0,0
"981",2015,1,0,0,0,0,0,0,0,1,1,1,1,0
"983",1996,1,0,0,0,0,0,0,0,0,0,1,0,0
"984",2016,0,0,0,0,0,1,1,0,0,1,1,1,1
"986",2011,1,0,0,0,0,0,0,0,0,1,1,1,0
"987",2003,1,0,0,0,0,0,1,0,0,1,1,0,0
"988",2007,0,0,0,0,0,0,0,0,1,1,1,0,1
"989",2011,0,0,0,0,0,0,0,1,0,1,0,0,1
"991",2009,1,0,0,0,0,0,0,0,0,1,1,0,0
"992",2019,1,0,0,0,0,0,0,0,0,0,1,0,0
"994",2006,1,0,0,0,1,0,0,0,1,1,1,0,1
"995",2013,0,0,0,0,0,1,0,1,0,1,1,1,1
"996",2015,0,0,0,0,0,1,0,1,0,1,1,0,1
"997",2009,0,0,0,0,0,0,1,0,0,1,1,0,0
"998",2018,1,0,0,0,0,0,0,0,1,1,1,0,1
"999",1994,1,0,0,0,0,0,1,0,0,1,1,0,0
"1000",2009,0,0,0,0,0,0,0,0,1,1,1,0,1
"1001",2015,0,0,0,0,0,1,0,1,0,1,1,0,1
"1002",1994,1,0,0,0,0,0,0,0,0,1,1,0,0
"1003",2019,0,0,0,0,0,0,0,0,1,1,1,0,1
"1004",2018,0,0,0,0,0,1,0,1,0,1,1,0,1
"1005",2014,1,0,0,0,0,0,1,0,0,1,1,0,0
"1006",2006,1,0,0,0,0,0,1,0,0,0,1,0,0
"1007",1998,1,0,0,0,0,0,0,1,0,1,1,0,0
"1009",1993,1,0,0,0,0,0,0,0,0,1,1,0,0
"1013",2014,0,0,0,0,0,1,0,0,1,1,1,0,1
"1014",2018,0,0,0,0,0,0,0,1,0,1,1,0,1
"1015",1995,1,0,0,0,0,0,0,0,1,1,1,0,1
"1016",2010,0,0,0,0,1,0,0,0,1,1,1,0,0
"1017",2009,0,0,0,0,0,0,1,0,0,1,1,1,0
"1018",2020,0,0,0,0,0,0,1,0,0,1,1,0,0
"1019",2009,1,0,0,0,0,0,1,0,0,1,1,0,0
"1020",2009,0,0,0,0,1,0,0,0,1,1,1,0,0
"1021",2018,0,0,0,0,0,0,0,1,1,1,0,1,1
"1022",2002,1,0,1,0,0,0,1,0,0,1,1,0,0
"1023",2017,0,0,0,0,0,1,1,1,0,1,1,1,1
"1024",2016,0,0,0,0,0,1,0,1,0,1,1,0,1
"1025",2017,0,0,0,0,0,1,0,1,0,1,1,0,1
"1026",1998,1,0,1,0,0,0,0,0,0,1,1,0,0
"1027",2007,1,0,0,0,1,0,0,0,1,1,1,1,1
"1028",1997,0,0,0,0,0,0,0,0,1,1,1,0,0
"1029",1999,0,0,1,0,0,0,0,0,1,1,1,0,1
"1030",2014,1,0,0,0,0,0,1,0,0,1,1,0,0
"1031",2020,1,0,0,0,0,0,0,0,0,1,1,0,0
"1032",1996,1,0,0,0,0,0,0,0,1,1,1,0,0
"1033",2008,1,0,0,0,0,0,0,0,1,1,1,0,1
"1036",2006,0,0,0,0,1,0,0,0,1,1,0,0,1
"1037",1992,0,0,0,0,0,0,0,1,0,1,0,1,1
"1038",2010,1,0,0,0,0,0,0,0,0,1,1,1,0
"1039",2004,1,0,0,0,0,0,0,0,0,1,0,0,0
"1041",2003,0,0,0,0,1,0,0,0,1,1,0,1,1
"1042",2018,1,0,1,0,0,0,0,0,1,1,0,0,0
"1044",2005,1,0,0,0,0,0,0,0,0,1,1,0,0
"1045",2016,1,0,0,0,0,0,0,0,0,1,0,0,0
"1046",2011,1,0,0,0,0,0,1,0,0,1,1,1,0
"1047",2014,1,1,0,0,0,0,1,0,0,1,1,0,0
"1048",1992,1,0,0,0,0,0,1,0,0,1,1,0,1
"1049",1992,1,0,0,0,0,0,0,0,1,1,0,1,1
"1050",2010,0,0,0,0,0,0,0,0,1,1,1,0,1
"1051",2011,0,0,0,0,0,0,0,0,1,1,1,0,0
"1052",2005,1,0,0,0,0,0,1,0,0,1,1,0,0
"1053",1998,1,0,0,0,0,0,0,0,0,1,0,0,0
"1054",2015,1,0,0,1,0,0,0,0,1,1,1,1,0
"1056",2001,0,0,0,0,0,0,0,1,0,1,0,0,1
"1057",1994,1,0,0,0,0,0,0,1,0,1,1,0,0
"1058",1993,1,0,0,0,0,0,0,1,0,1,1,0,0
"1059",2000,0,0,0,0,0,0,0,0,1,1,1,0,1
"1060",2006,1,0,0,0,0,0,1,0,0,1,1,0,0
"1061",2007,1,0,0,0,0,0,0,0,1,1,1,1,0
"1062",2019,0,0,0,0,0,0,1,0,0,1,1,0,0
"1063",2009,0,0,0,0,0,0,1,0,0,1,1,1,1
"1064",2017,0,0,0,0,0,1,0,1,0,1,1,0,1
"1065",2007,1,0,0,0,1,0,0,0,1,1,1,0,1
"1066",2013,1,0,0,0,1,0,0,0,1,1,1,0,0
"1067",1993,1,0,0,0,0,0,0,0,1,1,1,0,0
"1068",1995,1,0,0,0,0,0,0,0,1,0,1,0,0
"1069",2018,1,0,0,0,0,1,0,0,1,1,1,0,1
"1070",2005,1,0,0,0,1,0,0,0,1,0,1,0,1
"1071",2005,1,0,1,0,0,0,1,0,0,1,1,0,0
"1072",2019,1,0,0,0,0,0,0,0,0,1,1,0,0
"1073",2005,1,0,0,0,1,0,0,0,1,1,1,0,1
"1074",2002,0,0,0,0,0,0,0,1,0,1,0,1,1
"1075",2011,1,0,0,0,0,0,0,0,1,1,1,1,0
"1077",2016,1,0,0,0,0,0,0,0,0,1,1,0,0
"1078",2012,1,0,0,0,0,0,0,0,0,1,1,0,0
"1079",2017,1,0,0,0,0,0,0,0,0,1,1,1,0
"1081",2013,1,0,0,0,0,0,0,0,0,1,1,0,0
"1082",2020,1,0,0,0,0,0,0,0,0,1,1,0,0
"1083",2002,1,0,0,0,0,0,0,0,1,1,1,0,0
"1084",1992,0,0,0,0,0,0,1,0,0,1,1,1,0
"1085",2012,0,0,0,0,0,1,0,1,0,1,1,1,1
"1086",2014,0,0,0,0,0,1,0,1,0,1,1,0,1
"1087",2014,0,0,0,0,0,0,0,1,0,1,1,0,1
"1088",2018,0,0,0,0,0,0,0,0,1,1,1,0,1
"1090",1999,0,0,0,0,0,0,0,1,0,1,1,1,1
"1091",2015,1,0,0,0,0,0,0,0,1,0,1,0,1
"1092",2020,0,0,0,0,0,1,0,1,0,1,1,0,1
"1094",2008,0,0,0,0,0,0,0,0,1,1,1,0,1
"1096",2012,1,0,0,0,0,0,1,0,0,0,1,0,0
"1099",2005,1,0,0,0,0,0,0,0,1,0,1,0,0
"1100",2012,1,0,0,0,0,1,0,1,0,1,0,1,1
"1101",2020,1,0,0,0,0,0,0,0,1,1,1,0,0
"1103",2009,1,0,0,0,0,0,1,0,0,1,1,0,0
"1104",2009,1,0,0,0,0,0,1,0,0,1,1,0,0
"1105",2010,1,0,0,0,1,0,0,0,1,1,1,0,0
"1106",1995,1,0,0,0,0,0,0,1,0,1,1,0,1
"1108",2004,0,0,0,0,0,0,0,0,1,1,1,0,0
"1110",2003,1,0,0,0,0,0,0,0,0,1,1,0,0
"1111",2010,1,0,0,0,0,0,0,0,0,1,1,1,0
"1112",2006,1,0,0,0,1,0,0,0,1,1,1,0,1
"1113",2018,1,0,0,0,0,0,0,0,0,1,1,0,0
"1114",2005,0,0,0,0,0,0,0,1,0,1,1,0,1
"1115",2001,1,0,0,0,0,0,0,0,0,1,1,0,0
"1116",2006,1,0,0,0,0,0,0,0,0,1,1,0,0
"1117",2000,0,0,0,0,0,0,0,0,0,1,1,0,0
"1118",2002,0,0,0,0,0,0,0,1,0,1,0,1,1
"1119",1999,1,0,1,0,0,0,0,0,0,1,1,0,0
"1120",2007,1,0,0,0,0,0,0,0,0,1,1,0,0
"1121",2013,1,1,0,0,0,0,1,0,0,1,1,0,0
"1122",2004,1,0,0,0,0,0,1,0,0,1,1,0,0
"1123",2016,0,0,0,0,0,0,0,1,0,1,1,0,1
"1124",2001,1,0,0,0,0,0,0,0,0,1,1,0,0
"1125",2005,1,0,0,0,0,0,0,0,0,1,1,0,0
"1126",2004,1,0,0,0,0,0,1,0,0,1,1,0,0
"1127",2009,1,0,0,0,0,0,1,0,0,1,1,0,0
"1128",1993,1,0,0,0,0,0,1,0,0,1,1,0,0
"1130",2009,1,0,0,0,0,0,1,0,0,1,1,0,0
"1131",2020,1,0,0,0,0,0,1,0,0,1,1,0,0
"1132",1993,0,0,0,0,0,0,0,1,0,1,0,0,0
"1133",2009,1,0,0,0,0,0,1,0,0,1,1,0,0
"1134",2004,1,0,0,0,0,0,0,0,0,1,1,0,0
"1135",2009,1,0,0,0,0,0,1,0,0,1,1,0,0
"1138",2010,0,0,0,0,0,0,0,0,1,1,0,0,1
"1140",1997,0,0,0,0,0,0,0,0,1,1,1,0,0
"1141",1997,0,0,0,0,0,0,0,0,1,1,1,0,0
"1142",2019,0,0,0,0,0,1,0,1,0,1,1,0,1
"1144",2011,0,0,0,0,1,0,0,0,1,1,1,0,0
"1145",2018,1,0,0,0,0,0,0,0,1,1,1,0,1
"1146",2014,1,0,0,0,0,0,0,0,0,1,1,0,0
"1147",2006,1,0,0,0,1,0,0,0,1,1,1,0,1
"1149",2006,1,0,0,0,1,0,0,0,1,1,1,1,1
"1150",2020,0,0,0,0,1,0,0,0,0,1,1,0,0
"1151",2004,0,0,0,0,1,0,0,0,1,1,1,0,0
"1152",2016,1,0,0,0,0,0,0,0,1,0,1,0,0
"1153",2007,1,0,0,0,1,0,0,0,1,0,1,1,1
"1154",2013,1,0,0,0,0,0,0,0,1,1,1,0,0
"1157",2009,1,0,0,0,0,0,0,0,1,1,1,0,1
"1160",1997,1,0,0,0,0,0,0,0,1,1,1,0,0
"1162",2007,1,0,0,0,1,0,0,0,1,1,1,0,1
"1163",2016,1,0,0,0,1,0,0,0,1,1,1,0,1
"1164",2013,0,0,0,0,0,0,0,0,1,1,1,0,0
"1166",2004,1,0,0,0,0,0,1,0,0,1,1,0,0
"1167",2013,0,0,0,0,0,0,0,0,1,1,1,0,0
"1168",2011,1,0,0,0,0,0,0,1,0,1,1,0,1
"1169",2018,1,0,0,0,0,0,0,0,1,1,1,0,1
"1170",2013,0,0,0,0,0,0,0,0,0,1,1,0,0
"1171",2005,0,0,0,0,1,0,0,1,0,1,1,0,1
"1172",2014,0,0,0,0,0,1,0,1,0,1,1,0,1
"1173",2007,1,0,0,0,1,0,0,0,1,1,0,0,1
"1174",1992,0,0,0,0,0,0,0,1,0,1,1,0,1
"1175",2017,1,0,0,0,0,0,1,0,0,1,1,0,0
"1176",2001,1,0,0,0,0,0,0,0,0,1,1,0,0
"1177",1999,0,0,0,0,0,0,0,0,1,1,1,0,0
"1178",2005,1,0,0,0,1,0,0,0,1,1,1,0,1
"1179",2014,0,0,0,0,0,0,0,1,0,1,1,0,1
"1180",2016,1,0,0,0,0,1,0,0,1,1,1,0,1
"1182",2016,1,0,0,0,0,1,0,0,1,1,1,0,1
"1183",2018,0,0,0,0,0,0,0,0,1,1,1,0,1
"1184",2005,1,0,0,0,0,0,1,0,0,1,1,0,0
"1186",2004,1,1,0,0,0,0,1,0,0,1,1,0,0
"1187",2019,0,0,0,0,0,0,0,1,0,1,1,0,0
"1188",2018,1,0,0,0,0,0,0,0,0,1,1,0,0
"1189",1999,1,0,0,0,0,0,0,1,0,1,0,1,1
"1190",2014,0,1,0,0,0,0,0,0,0,1,1,0,0
"1191",2009,1,0,0,0,0,0,1,0,0,1,1,0,0
"1192",2000,0,0,0,0,0,0,0,0,0,1,1,0,0
"1193",2012,0,0,0,0,0,0,0,0,1,1,1,0,0
"1194",2010,1,0,0,0,1,0,1,0,0,1,1,1,0
"1195",2007,1,0,0,0,1,0,0,0,1,1,1,0,1
"1197",2003,1,0,0,0,0,0,0,0,0,1,1,1,0
"1198",2012,0,0,0,0,0,0,1,0,0,1,1,1,0
"1199",2017,0,0,0,0,0,0,0,0,1,1,1,0,0
"1200",2017,0,0,0,0,0,0,0,0,1,1,1,0,0
"1201",1995,1,0,0,0,0,0,1,0,0,1,1,0,0
"1202",1998,1,0,0,0,0,0,0,0,0,1,1,0,0
"1203",2007,1,0,0,0,0,0,0,0,1,1,1,0,1
"1204",2004,0,0,0,0,1,0,0,0,1,1,1,1,0
"1206",1993,0,0,0,0,0,0,0,1,0,1,1,0,0
"1208",2020,1,0,0,0,0,0,0,0,1,1,1,0,1
"1209",2011,0,0,0,0,0,0,0,0,1,1,1,0,0
"1210",2018,1,0,0,0,0,0,0,0,1,1,1,0,1
"1211",2002,1,0,0,0,0,0,1,0,0,1,1,0,0
"1212",2013,0,0,0,0,0,1,0,1,0,1,1,1,1
"1213",1999,0,0,0,0,0,0,0,1,0,1,1,0,1
"1214",1995,0,0,0,0,0,0,0,1,0,1,1,0,1
"1215",2000,1,0,0,0,0,0,0,0,0,1,1,1,0
"1216",2014,1,0,0,0,0,0,0,0,0,1,1,0,0
"1217",2017,0,0,0,0,0,0,0,0,0,1,1,0,0
"1218",1999,0,0,0,0,0,0,0,1,0,1,0,0,1
"1219",2007,1,0,0,0,1,0,0,0,1,1,1,0,0
"1220",2016,0,0,0,0,0,0,0,0,1,1,1,0,0
"1222",2010,1,0,0,0,0,0,0,0,1,1,1,0,1
"1223",2017,0,0,0,0,1,0,0,0,1,0,1,0,1
"1224",2008,1,0,0,0,1,0,0,0,1,1,1,0,1
"1225",2004,0,0,0,0,1,0,0,0,1,1,0,1,1
"1227",2009,0,0,0,0,0,0,0,1,0,0,1,0,1
"1228",2020,1,0,0,0,0,0,0,0,0,1,1,0,0
"1230",2002,1,0,0,0,0,0,0,0,1,1,1,0,0
"1232",2004,1,0,0,0,0,0,0,0,1,1,0,1,0
"1233",2014,0,0,0,0,0,0,0,1,0,1,0,0,1
"1235",1999,1,0,0,0,0,0,1,0,0,1,1,0,0
"1237",1993,1,0,0,0,0,0,0,0,1,1,1,0,0
"1238",2006,1,0,0,0,1,0,0,0,1,1,1,0,1
"1240",2018,1,0,0,0,0,0,0,0,0,1,1,0,0
"1241",2010,1,0,0,0,0,0,0,0,1,1,1,0,0
"1242",2015,1,0,0,0,0,0,0,0,0,1,1,0,0
"1243",2002,1,0,0,0,0,0,1,0,0,1,1,0,0
"1244",2008,1,0,0,0,1,0,1,0,0,1,1,0,0
"1245",2008,0,0,0,0,0,0,0,1,0,1,0,0,1
"1246",2010,0,0,0,0,0,0,0,0,1,1,0,1,0
"1247",2017,0,0,0,0,1,0,0,0,1,1,0,1,1
"1248",2015,1,0,0,1,0,0,0,0,1,1,1,0,0
"1249",2014,1,0,0,0,0,1,0,0,1,1,0,1,1
"1250",2005,1,0,0,0,1,0,0,0,0,1,0,1,1
"1251",2007,1,0,0,0,0,0,0,0,1,1,1,0,0
"1252",2006,1,0,0,0,0,0,1,0,0,1,1,0,0
"1253",2017,0,0,0,0,1,0,0,0,1,1,1,0,1
"1254",2017,1,0,0,0,0,0,1,0,0,1,1,0,0
"1255",2000,1,0,0,0,0,0,0,0,0,1,1,0,0
"1256",2009,0,0,0,0,1,0,0,0,1,1,1,0,1
"1257",2017,0,0,0,0,1,0,0,0,1,1,1,1,1
"1258",2013,1,0,0,0,0,1,0,0,1,1,1,0,1
"1259",2007,1,0,0,0,0,0,0,0,1,1,1,0,0
"1260",2009,0,0,0,0,0,0,0,0,1,1,1,1,1
"1261",2010,1,0,0,0,0,0,0,0,0,1,1,0,0
"1262",1999,0,0,0,0,0,0,0,1,0,1,1,0,1
"1263",2007,0,0,0,0,0,0,0,1,0,1,1,0,1
"1264",2011,1,0,0,0,0,0,0,1,0,1,1,0,0
"1265",2007,0,0,0,0,0,0,0,1,0,1,1,0,1
"1266",1993,1,0,0,0,0,0,1,0,0,1,1,0,0
"1267",2016,0,0,0,0,0,1,0,1,0,1,1,1,1
"1268",1993,1,0,0,0,0,0,0,0,1,1,1,0,0
"1269",2009,0,0,0,0,0,0,0,0,1,1,1,1,1
"1271",2017,0,0,0,0,0,0,0,0,1,1,1,0,0
"1272",2017,0,0,0,0,0,0,0,0,1,1,1,1,1
"1273",2013,0,0,0,0,0,0,1,0,0,1,1,0,0
"1275",1998,1,0,0,0,0,0,0,0,1,1,0,0,0
"1276",2003,0,0,0,0,1,0,0,1,0,1,1,0,1
"1277",2003,0,0,0,0,1,0,0,1,0,1,0,0,1
"1278",2014,1,0,0,0,0,0,0,0,0,1,1,0,0
"1279",1993,0,0,0,0,0,0,0,1,0,1,0,1,1
"1282",2008,1,0,0,0,0,0,0,0,1,1,1,0,0
"1283",2003,0,0,0,0,1,0,0,1,0,1,0,0,1
"1284",2007,1,0,0,0,1,0,0,0,1,1,1,0,0
"1285",2015,0,0,0,0,0,1,0,0,1,1,1,1,1
"1286",2015,1,0,0,0,1,0,0,0,1,1,1,0,1
"1287",2006,1,0,0,0,1,0,0,0,1,1,1,0,1
"1288",1994,1,0,0,0,0,0,0,0,0,1,1,0,0
"1289",1996,1,0,0,0,0,0,1,0,0,1,1,0,0
"1290",1992,0,0,0,0,0,0,0,1,0,1,1,1,1
"1291",2011,0,0,0,0,0,0,0,1,0,1,0,1,1
"1292",2002,1,1,0,0,0,0,0,0,0,1,1,0,0
"1294",1994,1,0,0,0,0,0,1,0,0,1,1,0,0
"1297",2014,0,0,0,0,0,1,0,1,0,1,1,1,1
"1298",1999,0,0,0,0,0,0,0,1,0,1,1,0,0
"1299",1999,0,0,0,0,0,0,0,1,0,1,1,0,0
"1300",1993,1,0,0,0,0,0,0,0,1,1,1,0,0
"1301",2001,1,0,0,0,0,0,0,0,0,1,0,0,1
"1302",2009,1,0,0,0,0,0,0,0,1,0,1,0,0
"1303",2011,1,0,0,0,0,0,0,0,0,1,1,0,0
"1304",1995,1,0,0,0,0,0,0,0,0,1,1,0,0
"1305",2019,1,0,0,0,0,0,1,0,0,1,1,1,0
"1307",2010,1,0,0,0,0,0,0,0,0,1,1,0,0
"1308",2012,1,1,0,0,0,0,0,1,0,1,1,0,0
"1309",2002,1,0,0,0,0,0,0,0,0,1,1,0,0
"1310",2019,0,0,0,0,0,1,0,1,0,1,0,1,1
"1311",2004,1,0,0,0,0,0,0,0,0,1,1,0,0
"1313",1996,1,0,0,0,0,0,0,0,0,0,1,0,0
"1314",2017,0,0,0,0,1,0,0,0,1,0,0,0,1
"1316",1997,1,0,0,0,0,0,1,0,0,1,1,0,0
"1318",2009,1,0,0,0,0,0,1,0,0,1,1,0,0
"1319",2010,0,0,0,0,0,0,0,0,1,1,1,0,0
"1321",1996,1,0,0,0,0,0,0,0,0,1,1,0,0
"1323",1996,0,0,0,0,0,0,0,1,0,1,1,0,1
"1324",1995,1,0,0,0,0,0,0,0,0,1,0,0,0
"1325",2000,0,0,0,0,0,0,0,0,1,1,1,0,0
"1326",1994,1,0,0,0,0,0,0,1,0,1,1,0,0
"1327",1992,0,0,0,0,0,0,0,1,0,1,1,0,1
"1328",2020,1,0,0,0,0,0,0,0,1,1,1,0,0
"1329",1993,1,0,0,0,0,0,0,0,0,1,1,0,0
"1330",1993,0,0,0,0,0,0,0,1,0,1,1,0,0
"1332",2000,1,0,0,0,0,0,0,0,1,1,1,0,1
"1333",1995,0,0,0,0,0,0,0,1,0,1,1,0,1
"1335",2001,0,0,0,0,0,0,0,1,0,1,0,1,1
"1336",1999,0,0,0,0,0,0,0,0,0,1,0,0,1
"1337",2014,1,0,0,0,0,0,0,0,0,1,1,0,0
"1338",2004,1,0,0,0,1,0,0,0,1,1,1,0,1
"1339",2013,0,0,0,0,1,0,0,0,0,1,1,0,1
"1340",2017,0,0,0,0,0,0,0,0,1,1,1,1,1
"1341",2011,0,0,0,0,0,0,0,1,0,1,1,1,0
"1342",2004,0,0,0,0,1,0,0,0,1,1,0,0,1
"1343",2005,0,0,0,0,1,0,0,1,0,1,1,0,1
"1344",2013,1,1,0,0,0,0,1,0,0,1,1,1,0
"1345",2011,1,0,0,0,0,0,0,0,1,1,1,0,0
"1346",2013,0,0,0,0,0,1,0,1,0,1,1,1,1
"1347",2015,0,0,0,0,0,1,0,1,0,1,1,0,1
"1348",2015,1,0,0,0,0,0,0,0,1,1,1,1,0
"1349",2013,1,0,0,0,1,0,0,0,1,0,1,0,0
"1350",2018,1,0,0,0,0,0,0,0,0,0,1,0,0
"1351",2001,0,0,0,0,0,0,0,0,1,1,0,1,0
"1353",1994,1,0,0,0,0,0,0,1,0,0,1,0,0
"1354",2008,0,0,0,0,1,0,0,1,0,1,1,0,1
"1355",2012,1,0,0,0,0,0,0,0,0,1,1,0,0
"1356",2001,1,0,0,0,0,0,1,0,0,1,1,1,0
"1357",2006,1,0,0,0,0,0,1,0,0,1,1,0,0
"1358",1999,0,0,0,0,0,0,0,1,0,1,0,0,1
"1360",2015,1,0,0,0,1,0,0,0,1,1,1,0,0
"1361",1992,1,0,0,0,0,0,1,0,0,1,1,0,0
"1362",2017,1,0,0,0,0,0,0,0,0,1,1,0,0
"1363",2018,1,0,0,0,0,0,0,0,1,1,1,0,1
"1364",2013,0,0,0,0,0,1,0,0,1,0,1,0,1
"1365",2018,0,0,0,0,0,0,0,1,0,1,1,0,0
"1368",2013,1,0,0,0,0,1,0,0,1,1,0,1,1
"1370",2014,0,0,0,0,0,1,0,1,0,1,1,0,1
"1371",2013,0,0,0,0,0,1,0,1,0,1,1,0,1
"1372",2015,0,0,0,0,0,0,0,1,0,1,1,0,1
"1373",2013,0,0,0,0,0,1,0,1,0,1,1,1,1
"1374",2003,1,0,0,0,0,0,1,0,0,1,1,0,1
"1375",1994,1,0,0,0,0,0,0,0,0,1,1,0,0
"1376",2007,0,0,0,0,1,0,0,0,1,1,1,0,1
"1378",2012,0,0,0,0,0,1,0,1,0,1,1,0,1
"1379",1993,0,0,0,0,0,0,0,1,0,1,1,0,0
"1381",1997,0,0,0,0,0,0,0,0,1,1,1,0,0
"1382",2016,0,0,0,0,0,0,0,0,1,1,1,1,1
"1383",2016,1,0,0,0,0,0,0,0,1,1,0,0,1
"1385",2003,1,0,0,0,0,0,1,0,0,0,0,1,0
"1386",2015,0,0,0,0,0,1,0,1,0,1,1,0,1
"1388",2011,0,0,0,0,0,0,1,0,0,1,1,1,0
"1390",2015,1,0,0,0,0,0,0,0,1,1,1,1,0
"1391",1995,1,1,0,0,0,0,0,0,0,1,1,0,0
"1392",2000,1,1,0,0,0,0,1,0,0,1,1,0,0
"1393",1999,0,0,0,0,0,0,0,1,0,1,0,0,1
"1394",1995,1,0,0,0,0,0,0,0,1,1,1,0,0
"1395",2007,1,0,0,0,0,0,1,0,0,1,1,0,0
"1396",2014,0,0,0,0,0,0,0,0,1,1,1,0,1
"1397",1993,1,0,0,0,0,0,0,0,0,1,1,0,0
